<?xml version="1.0" encoding="UTF-8" ?>
<XMLDB PATH="mod/skyroom/db" VERSION="20101203" COMMENT="XMLDB file for Moodle mod/skyroom"
    xmlns:xsi="http://www.w3.org/2001/XMLSchema-instance"
    xsi:noNamespaceSchemaLocation="../../../lib/xmldb/xmldb.xsd"
>
  <TABLES>
    <TABLE NAME="skyroom" COMMENT="Skyroom data">
      <FIELDS>
        <FIELD NAME="id" TYPE="int" LENGTH="10" NOTNULL="true" UNSIGNED="true" SEQUENCE="true"/>
        <FIELD NAME="course" TYPE="int" LENGTH="10" NOTNULL="true" UNSIGNED="true" SEQUENCE="false" COMMENT="Course skyroom activity belongs to"/>
        <FIELD NAME="name" TYPE="char" LENGTH="255" NOTNULL="true" SEQUENCE="false" COMMENT="name field for moodle instances"/>
        <FIELD NAME="intro" TYPE="text" NOTNULL="true" SEQUENCE="false" COMMENT="General introduction of the skyroom activity"/>
        <FIELD NAME="introformat" TYPE="int" LENGTH="4" NOTNULL="true" UNSIGNED="true" DEFAULT="0" SEQUENCE="false" COMMENT="Format of the intro field (MOODLE, HTML, MARKDOWN...)"/>
        <FIELD NAME="classname" TYPE="char" LENGTH="1023" NOTNULL="true" SEQUENCE="false" COMMENT="secure link field for videos"/>
        <FIELD NAME="guestlogin" TYPE="int" LENGTH="1" NOTNULL="true" UNSIGNED="true" DEFAULT="0" SEQUENCE="false" COMMENT="Guest Login"/>
        <FIELD NAME="role3" TYPE="char" LENGTH="1023" NOTNULL="true" SEQUENCE="false" COMMENT="Operators"/>
        <FIELD NAME="service" TYPE="int" LENGTH="10" NOTNULL="true" UNSIGNED="true" SEQUENCE="false" COMMENT="Service id in skyroom"/>
        <FIELD NAME="room_id" TYPE="int" LENGTH="10" NOTNULL="true" UNSIGNED="true" DEFAULT="0" SEQUENCE="false" COMMENT="Room id in skyroom"/>
        <FIELD NAME="classtimestarted" TYPE="int" LENGTH="10" NOTNULL="true" UNSIGNED="true" DEFAULT="0" SEQUENCE="false"/>
        <FIELD NAME="classtimeended" TYPE="int" LENGTH="10" NOTNULL="true" UNSIGNED="true" DEFAULT="0" SEQUENCE="false"/>
        <FIELD NAME="timecreated" TYPE="int" LENGTH="10" NOTNULL="true" UNSIGNED="true" DEFAULT="0" SEQUENCE="false"/>
        <FIELD NAME="timemodified" TYPE="int" LENGTH="10" NOTNULL="true" UNSIGNED="true" DEFAULT="0" SEQUENCE="false"/>
        <FIELD NAME="room_url" TYPE="char" LENGTH="255" NOTNULL="true" SEQUENCE="false" COMMENT="room url"/>
      </FIELDS>
      <KEYS>
        <KEY NAME="primary" TYPE="primary" FIELDS="id"/>
      </KEYS>
      <INDEXES>
        <INDEX NAME="course" UNIQUE="false" FIELDS="course"/>
      </INDEXES>
    </TABLE>

    <TABLE NAME="skyroom_users" COMMENT="Skyroom users">
      <FIELDS>
        <FIELD NAME="id" TYPE="int" LENGTH="10" NOTNULL="true" UNSIGNED="true" SEQUENCE="true"/>
        <FIELD NAME="user_id" TYPE="int" LENGTH="10" NOTNULL="true" UNSIGNED="true" SEQUENCE="false" COMMENT="moodle user id"/>
        <FIELD NAME="skyroom_user_id" TYPE="int" LENGTH="10" NOTNULL="true" UNSIGNED="true" SEQUENCE="false" COMMENT="skyroom user id"/>
        <FIELD NAME="username" TYPE="char" LENGTH="255" NOTNULL="true" SEQUENCE="false" COMMENT="username is identical between moodle and skyroom"/>
        <FIELD NAME="timecreated" TYPE="int" LENGTH="10" NOTNULL="true" UNSIGNED="true" DEFAULT="0" SEQUENCE="false"/>
        <FIELD NAME="timemodified" TYPE="int" LENGTH="10" NOTNULL="true" UNSIGNED="true" DEFAULT="0" SEQUENCE="false"/>
      </FIELDS>
      <KEYS>
        <KEY NAME="primary" TYPE="primary" FIELDS="id"/>
      </KEYS>
      <INDEXES>
        <INDEX NAME="user_id" UNIQUE="false" FIELDS="user_id"/>
        <INDEX NAME="skyroom_user_id" UNIQUE="false" FIELDS="skyroom_user_id"/>
      </INDEXES>
    </TABLE>

    <TABLE NAME="skyroom_login" COMMENT="skyroom login">
      <FIELDS>
        <FIELD NAME="id" TYPE="int" LENGTH="10" NOTNULL="true" UNSIGNED="true" SEQUENCE="true"/>
        <FIELD NAME="user_id" TYPE="int" LENGTH="10" NOTNULL="true" UNSIGNED="true" SEQUENCE="false"/>
        <FIELD NAME="skyroom_id" TYPE="int" LENGTH="10" NOTNULL="true" UNSIGNED="true" SEQUENCE="false"/>
        <FIELD NAME="login_url" TYPE="char" LENGTH="1200" NOTNULL="true" SEQUENCE="false"/>
        <FIELD NAME="timecreated" TYPE="int" LENGTH="10" NOTNULL="true" UNSIGNED="true" DEFAULT="0" SEQUENCE="false"/>
      </FIELDS>
      <KEYS>
        <KEY NAME="primary" TYPE="primary" FIELDS="id"/>
        <KEY NAME="user_id" TYPE="foreign" FIELDS="user_id" REFTABLE="user" REFFIELDS="id"/>
        <KEY NAME="skyroom_id" TYPE="foreign" FIELDS="skyroom_id" REFTABLE="skyroom" REFFIELDS="id"/>
      </KEYS>
    </TABLE>

    <TABLE NAME="skyroom_logs" COMMENT="Skyroom logs">
      <FIELDS>
        <FIELD NAME="id" TYPE="int" LENGTH="10" NOTNULL="true" UNSIGNED="true" SEQUENCE="true"/>
        <FIELD NAME="user_id" TYPE="int" LENGTH="10" NOTNULL="true" UNSIGNED="true" SEQUENCE="false" COMMENT="moodle user id"/>
        <FIELD NAME="skyroom_id" TYPE="int" LENGTH="10" NOTNULL="true" UNSIGNED="true" SEQUENCE="false" COMMENT="skyroom id"/>
        <FIELD NAME="timecreated" TYPE="int" LENGTH="10" NOTNULL="true" UNSIGNED="true" DEFAULT="0" SEQUENCE="false"/>
      </FIELDS>
      <KEYS>
        <KEY NAME="primary" TYPE="primary" FIELDS="id"/>
        <KEY NAME="user_id" TYPE="foreign" FIELDS="user_id" REFTABLE="user" REFFIELDS="id"/>
        <KEY NAME="skyroom_id" TYPE="foreign" FIELDS="skyroom_id" REFTABLE="skyroom" REFFIELDS="id"/>
      </KEYS>
    </TABLE>

  </TABLES>
</XMLDB>
